frecuencia,angulo,longitud,velocidad,espesor,presion,const
800,0,0.3,71.3,0,126.2,1
1000,0,0.3,71.3,0,125.2,1
1250,0,0.3,71.3,0,125.95,1
1600,0,0.3,71.3,0,127.59,1
2000,0,0.3,71.3,0,127.46,1
2500,0,0.3,71.3,0,125.57,1
3150,0,0.3,71.3,0,125.2,1
4000,0,0.3,71.3,0,123.06,1
5000,0,0.3,71.3,0,121.3,1
6300,0,0.3,71.3,0,119.54,1
8000,0,0.3,71.3,0,117.15,1
10000,0,0.3,71.3,0,115.39,1
12500,0,0.3,71.3,0,112.24,1
16000,0,0.3,71.3,0,108.72,1
500,0,0.3,55.5,0,126.42,1
630,0,0.3,55.5,0,127.7,1
800,0,0.3,55.5,0,128.09,1
1000,0,0.3,55.5,0,126.97,1
1250,0,0.3,55.5,0,126.09,1
1600,0,0.3,55.5,0,126.99,1
2000,0,0.3,55.5,0,126.62,1
2500,0,0.3,55.5,0,124.11,1
3150,0,0.3,55.5,0,123.24,1
4000,0,0.3,55.5,0,121.11,1
5000,0,0.3,55.5,0,119.61,1
6300,0,0.3,55.5,0,117.98,1
8000,0,0.3,55.5,0,116.48,1
10000,0,0.3,55.5,0,113.08,1
12500,0,0.3,55.5,0,111.08,1
200,0,0.3,39.6,0,118.13,1
250,0,0.3,39.6,0,119.32,1
315,0,0.3,39.6,0,122.78,1
400,0,0.3,39.6,0,124.81,1
500,0,0.3,39.6,0,126.96,1
630,0,0.3,39.6,0,128.63,1
800,0,0.3,39.6,0,129.1,1
1000,0,0.3,39.6,0,127.9,1
1250,0,0.3,39.6,0,125.5,1
1600,0,0.3,39.6,0,124.05,1
2000,0,0.3,39.6,0,123.69,1
2500,0,0.3,39.6,0,121.4,1
3150,0,0.3,39.6,0,120.32,1
4000,0,0.3,39.6,0,119.23,1
5000,0,0.3,39.6,0,117.79,1
6300,0,0.3,39.6,0,116.23,1
8000,0,0.3,39.6,0,114.78,1
10000,0,0.3,39.6,0,112.14,1
12500,0,0.3,39.6,0,109.62,1
200,0,0.3,31.7,0,117.2,1
250,0,0.3,31.7,0,118.6,1
315,0,0.3,31.7,0,122.77,1
400,0,0.3,31.7,0,125.05,1
500,0,0.3,31.7,0,127.32,1
630,0,0.3,31.7,0,129.1,1
800,0,0.3,31.7,0,129.24,1
1000,0,0.3,31.7,0,127.37,1
1250,0,0.3,31.7,0,124.36,1
1600,0,0.3,31.7,0,122.37,1
2000,0,0.3,31.7,0,122.38,1
2500,0,0.3,31.7,0,120.76,1
3150,0,0.3,31.7,0,119.14,1
4000,0,0.3,31.7,0,118.15,1
5000,0,0.3,31.7,0,115.65,1
6300,0,0.3,31.7,0,113.78,1
8000,0,0.3,31.7,0,110.52,1
10000,0,0.3,31.7,0,108.27,1
800,1.5,0.3,71.3,0,127.12,1
1000,1.5,0.3,71.3,0,125.99,1
1250,1.5,0.3,71.3,0,125.87,1
1600,1.5,0.3,71.3,0,126.63,1
2000,1.5,0.3,71.3,0,126.64,1
2500,1.5,0.3,71.3,0,124.51,1
3150,1.5,0.3,71.3,0,123.39,1
4000,1.5,0.3,71.3,0,121.76,1
5000,1.5,0.3,71.3,0,119.63,1
6300,1.5,0.3,71.3,0,118.12,1
8000,1.5,0.3,71.3,0,115.37,1
10000,1.5,0.3,71.3,0,113.49,1
12500,1.5,0.3,71.3,0,109.22,1
16000,1.5,0.3,71.3,0,106.58,1
315,1.5,0.3,39.6,0,121.85,1
400,1.5,0.3,39.6,0,124,1
500,1.5,0.3,39.6,0,126.66,1
630,1.5,0.3,39.6,0,128.31,1
800,1.5,0.3,39.6,0,128.83,1
1000,1.5,0.3,39.6,0,127.58,1
1250,1.5,0.3,39.6,0,125.21,1
1600,1.5,0.3,39.6,0,122.21,1
2000,1.5,0.3,39.6,0,122.1,1
2500,1.5,0.3,39.6,0,120.98,1
3150,1.5,0.3,39.6,0,119.11,1
4000,1.5,0.3,39.6,0,117.74,1
5000,1.5,0.3,39.6,0,116.24,1
6300,1.5,0.3,39.6,0,114.75,1
8000,1.5,0.3,39.6,0,112.25,1
10000,1.5,0.3,39.6,0,108.99,1
12500,1.5,0.3,39.6,0,106.11,1
400,3,0.3,71.3,0,127.56,1
500,3,0.3,71.3,0,128.45,1
630,3,0.3,71.3,0,129.35,1
800,3,0.3,71.3,0,129.49,1
1000,3,0.3,71.3,0,129,1
1250,3,0.3,71.3,0,127.63,1
1600,3,0.3,71.3,0,126.51,1
2000,3,0.3,71.3,0,125.52,1
2500,3,0.3,71.3,0,124.02,1
3150,3,0.3,71.3,0,121.51,1
4000,3,0.3,71.3,0,120.26,1
5000,3,0.3,71.3,0,118.13,1
6300,3,0.3,71.3,0,116.13,1
8000,3,0.3,71.3,0,114.63,1
10000,3,0.3,71.3,0,110.22,1
400,3,0.3,55.5,0,126.16,1
500,3,0.3,55.5,0,128.18,1
630,3,0.3,55.5,0,129.57,1
800,3,0.3,55.5,0,129.95,1
1000,3,0.3,55.5,0,129.33,1
1250,3,0.3,55.5,0,127.33,1
1600,3,0.3,55.5,0,124.44,1
2000,3,0.3,55.5,0,123.07,1
2500,3,0.3,55.5,0,122.44,1
3150,3,0.3,55.5,0,120.19,1
4000,3,0.3,55.5,0,118.69,1
5000,3,0.3,55.5,0,117.31,1
6300,3,0.3,55.5,0,115.68,1
8000,3,0.3,55.5,0,113.8,1
10000,3,0.3,55.5,0,112.17,1
315,3,0.3,39.6,0,123.31,1
400,3,0.3,39.6,0,125.47,1
500,3,0.3,39.6,0,127.63,1
630,3,0.3,39.6,0,129.29,1
800,3,0.3,39.6,0,129.55,1
1000,3,0.3,39.6,0,128.31,1
1250,3,0.3,39.6,0,125.8,1
1600,3,0.3,39.6,0,122.78,1
2000,3,0.3,39.6,0,120.53,1
2500,3,0.3,39.6,0,120.16,1
3150,3,0.3,39.6,0,118.92,1
4000,3,0.3,39.6,0,116.79,1
5000,3,0.3,39.6,0,115.79,1
6300,3,0.3,39.6,0,114.04,1
8000,3,0.3,39.6,0,110.65,1
315,3,0.3,31.7,0.01,123.12,1
400,3,0.3,31.7,0.01,125.4,1
500,3,0.3,31.7,0.01,127.55,1
630,3,0.3,31.7,0.01,128.7,1
800,3,0.3,31.7,0.01,128.71,1
1000,3,0.3,31.7,0.01,126.84,1
1250,3,0.3,31.7,0.01,124.84,1
1600,3,0.3,31.7,0.01,122.09,1
2000,3,0.3,31.7,0.01,120.09,1
2500,3,0.3,31.7,0.01,119.6,1
3150,3,0.3,31.7,0.01,118.11,1
4000,3,0.3,31.7,0.01,115.61,1
5000,3,0.3,31.7,0.01,113.86,1
6300,3,0.3,31.7,0.01,109.72,1
250,4,0.3,71.3,0,126.4,1
315,4,0.3,71.3,0,128.18,1
400,4,0.3,71.3,0,129.58,1
500,4,0.3,71.3,0,130.72,1
630,4,0.3,71.3,0,131.62,1
800,4,0.3,71.3,0,131.76,1
1000,4,0.3,71.3,0,131.02,1
1250,4,0.3,71.3,0,129.4,1
1600,4,0.3,71.3,0,126.65,1
2000,4,0.3,71.3,0,124.4,1
2500,4,0.3,71.3,0,123.78,1
3150,4,0.3,71.3,0,121.78,1
4000,4,0.3,71.3,0,119.54,1
5000,4,0.3,71.3,0,117.79,1
6300,4,0.3,71.3,0,116.17,1
8000,4,0.3,71.3,0,113.67,1
10000,4,0.3,71.3,0,110.91,1
12500,4,0.3,71.3,0,107.41,1
250,4,0.3,39.6,0.01,123.54,1
315,4,0.3,39.6,0.01,126.84,1
400,4,0.3,39.6,0.01,128.63,1
500,4,0.3,39.6,0.01,130.17,1
630,4,0.3,39.6,0.01,131.07,1
800,4,0.3,39.6,0.01,130.72,1
1000,4,0.3,39.6,0.01,128.72,1
1250,4,0.3,39.6,0.01,126.34,1
1600,4,0.3,39.6,0.01,123.21,1
2000,4,0.3,39.6,0.01,120.96,1
2500,4,0.3,39.6,0.01,120.23,1
3150,4,0.3,39.6,0.01,118.74,1
4000,4,0.3,39.6,0.01,115.86,1
5000,4,0.3,39.6,0.01,113.73,1
1250,0,0.23,71.3,0,128.14,1
1600,0,0.23,71.3,0,129.13,1
2000,0,0.23,71.3,0,128.24,1
2500,0,0.23,71.3,0,128.35,1
3150,0,0.23,71.3,0,127.83,1
4000,0,0.23,71.3,0,125.82,1
5000,0,0.23,71.3,0,124.3,1
6300,0,0.23,71.3,0,122.04,1
8000,0,0.23,71.3,0,118.02,1
10000,0,0.23,71.3,0,118.13,1
12500,0,0.23,71.3,0,117.62,1
16000,0,0.23,71.3,0,114.98,1
20000,0,0.23,71.3,0,114.47,1
315,0,0.23,55.5,0,119.54,1
400,0,0.23,55.5,0,121.66,1
500,0,0.23,55.5,0,123.78,1
630,0,0.23,55.5,0,126.16,1
800,0,0.23,55.5,0,127.53,1
1000,0,0.23,55.5,0,128.29,1
1250,0,0.23,55.5,0,127.91,1
1600,0,0.23,55.5,0,126.79,1
2000,0,0.23,55.5,0,126.54,1
2500,0,0.23,55.5,0,126.54,1
3150,0,0.23,55.5,0,125.16,1
4000,0,0.23,55.5,0,123.41,1
5000,0,0.23,55.5,0,122.41,1
6300,0,0.23,55.5,0,118.41,1
315,0,0.23,39.6,0,121.06,1
400,0,0.23,39.6,0,123.57,1
500,0,0.23,39.6,0,126.2,1
630,0,0.23,39.6,0,128.71,1
800,0,0.23,39.6,0,130.21,1
1000,0,0.23,39.6,0,130.44,1
1250,0,0.23,39.6,0,129.4,1
1600,0,0.23,39.6,0,127.1,1
2000,0,0.23,39.6,0,125.31,1
2500,0,0.23,39.6,0,125.03,1
3150,0,0.23,39.6,0,124.63,1
4000,0,0.23,39.6,0,123.47,1
5000,0,0.23,39.6,0,122.18,1
6300,0,0.23,39.6,0,117.47,1
315,0,0.23,31.7,0,120.6,1
400,0,0.23,31.7,0,123.64,1
500,0,0.23,31.7,0,126.68,1
630,0,0.23,31.7,0,129.47,1
800,0,0.23,31.7,0,130.73,1
1000,0,0.23,31.7,0,130.6,1
1250,0,0.23,31.7,0,128.81,1
1600,0,0.23,31.7,0,125.63,1
2000,0,0.23,31.7,0,123.46,1
2500,0,0.23,31.7,0,123.45,1
3150,0,0.23,31.7,0,123.45,1
4000,0,0.23,31.7,0,122.04,1
5000,0,0.23,31.7,0,120.51,1
6300,0,0.23,31.7,0,116.82,1
400,2,0.23,71.3,0,125.12,1
500,2,0.23,71.3,0,126.49,1
630,2,0.23,71.3,0,127.36,1
800,2,0.23,71.3,0,128.22,1
1000,2,0.23,71.3,0,128.96,1
1250,2,0.23,71.3,0,128.82,1
1600,2,0.23,71.3,0,127.8,1
2000,2,0.23,71.3,0,126.9,1
2500,2,0.23,71.3,0,127.01,1
3150,2,0.23,71.3,0,126.12,1
4000,2,0.23,71.3,0,124.09,1
5000,2,0.23,71.3,0,122.82,1
6300,2,0.23,71.3,0,120.79,1
8000,2,0.23,71.3,0,116,1
10000,2,0.23,71.3,0,113.09,1
400,2,0.23,55.5,0,122.29,1
500,2,0.23,55.5,0,124.69,1
630,2,0.23,55.5,0,126.84,1
800,2,0.23,55.5,0,128.49,1
1000,2,0.23,55.5,0,129,1
1250,2,0.23,55.5,0,128.76,1
1600,2,0.23,55.5,0,126.75,1
2000,2,0.23,55.5,0,124.61,1
2500,2,0.23,55.5,0,123.86,1
3150,2,0.23,55.5,0,123.74,1
4000,2,0.23,55.5,0,122.23,1
5000,2,0.23,55.5,0,120.47,1
6300,2,0.23,55.5,0,118.71,1
315,2,0.23,39.6,0,120.14,1
400,2,0.23,39.6,0,122.15,1
500,2,0.23,39.6,0,125.16,1
630,2,0.23,39.6,0,127.42,1
800,2,0.23,39.6,0,129.04,1
1000,2,0.23,39.6,0,129.15,1
1250,2,0.23,39.6,0,128.26,1
1600,2,0.23,39.6,0,125.84,1
2000,2,0.23,39.6,0,122.8,1
2500,2,0.23,39.6,0,121.4,1
3150,2,0.23,39.6,0,121.63,1
4000,2,0.23,39.6,0,120.23,1
5000,2,0.23,39.6,0,118.83,1
6300,2,0.23,39.6,0,116.42,1
315,2,0.23,31.7,0,120.15,1
400,2,0.23,31.7,0,123.42,1
500,2,0.23,31.7,0,126.68,1
630,2,0.23,31.7,0,129.06,1
800,2,0.23,31.7,0,130.31,1
1000,2,0.23,31.7,0,130.31,1
1250,2,0.23,31.7,0,128.68,1
1600,2,0.23,31.7,0,125.8,1
2000,2,0.23,31.7,0,123.04,1
2500,2,0.23,31.7,0,121.41,1
3150,2,0.23,31.7,0,121.53,1
4000,2,0.23,31.7,0,120.53,1
5000,2,0.23,31.7,0,118.27,1
6300,2,0.23,31.7,0,115.14,1
500,4,0.23,71.3,0,126.76,1
630,4,0.23,71.3,0,129.04,1
800,4,0.23,71.3,0,130.69,1
1000,4,0.23,71.3,0,131.71,1
1250,4,0.23,71.3,0,131.72,1
1600,4,0.23,71.3,0,129.47,1
2000,4,0.23,71.3,0,126.22,1
2500,4,0.23,71.3,0,124.34,1
3150,4,0.23,71.3,0,124.11,1
4000,4,0.23,71.3,0,121.73,1
5000,4,0.23,71.3,0,121.12,1
6300,4,0.23,71.3,0,118.62,1
8000,4,0.23,71.3,0,112.85,1
10000,4,0.23,71.3,0,113.11,1
12500,4,0.23,71.3,0,114.26,1
16000,4,0.23,71.3,0,112.77,1
20000,4,0.23,71.3,0,109.64,1
400,4,0.23,55.5,0,123.27,1
500,4,0.23,55.5,0,127.31,1
630,4,0.23,55.5,0,129.96,1
800,4,0.23,55.5,0,131.86,1
1000,4,0.23,55.5,0,132.13,1
1250,4,0.23,55.5,0,131.26,1
1600,4,0.23,55.5,0,128.26,1
2000,4,0.23,55.5,0,124.25,1
2500,4,0.23,55.5,0,122.38,1
3150,4,0.23,55.5,0,122.39,1
4000,4,0.23,55.5,0,120.65,1
5000,4,0.23,55.5,0,120.03,1
6300,4,0.23,55.5,0,117.15,1
8000,4,0.23,55.5,0,112.52,1
315,4,0.23,39.6,0,122.23,1
400,4,0.23,39.6,0,123.88,1
500,4,0.23,39.6,0,127.04,1
630,4,0.23,39.6,0,129.58,1
800,4,0.23,39.6,0,130.47,1
1000,4,0.23,39.6,0,129.97,1
1250,4,0.23,39.6,0,128.34,1
1600,4,0.23,39.6,0,125.32,1
2000,4,0.23,39.6,0,121.66,1
2500,4,0.23,39.6,0,119.65,1
3150,4,0.23,39.6,0,120.42,1
4000,4,0.23,39.6,0,119.16,1
5000,4,0.23,39.6,0,117.65,1
6300,4,0.23,39.6,0,114.25,1
8000,4,0.23,39.6,0,113.13,1
250,4,0.23,31.7,0.01,120.19,1
315,4,0.23,31.7,0.01,123.61,1
400,4,0.23,31.7,0.01,126.15,1
500,4,0.23,31.7,0.01,128.94,1
630,4,0.23,31.7,0.01,130.35,1
800,4,0.23,31.7,0.01,130.87,1
1000,4,0.23,31.7,0.01,129.87,1
1250,4,0.23,31.7,0.01,128.12,1
1600,4,0.23,31.7,0.01,125.23,1
2000,4,0.23,31.7,0.01,122.09,1
2500,4,0.23,31.7,0.01,120.21,1
3150,4,0.23,31.7,0.01,120.23,1
4000,4,0.23,31.7,0.01,118.86,1
5000,4,0.23,31.7,0.01,115.97,1
6300,4,0.23,31.7,0.01,112.7,1
400,5.3,0.23,71.3,0.01,127.7,1
500,5.3,0.23,71.3,0.01,129.88,1
630,5.3,0.23,71.3,0.01,131.8,1
800,5.3,0.23,71.3,0.01,133.48,1
1000,5.3,0.23,71.3,0.01,134,1
1250,5.3,0.23,71.3,0.01,133.38,1
1600,5.3,0.23,71.3,0.01,130.46,1
2000,5.3,0.23,71.3,0.01,125.89,1
2500,5.3,0.23,71.3,0.01,123.74,1
3150,5.3,0.23,71.3,0.01,123.12,1
4000,5.3,0.23,71.3,0.01,120.33,1
5000,5.3,0.23,71.3,0.01,118.05,1
6300,5.3,0.23,71.3,0.01,116.92,1
8000,5.3,0.23,71.3,0.01,114.9,1
10000,5.3,0.23,71.3,0.01,111.35,1
250,5.3,0.23,39.6,0.01,127.01,1
315,5.3,0.23,39.6,0.01,129.69,1
400,5.3,0.23,39.6,0.01,131.22,1
500,5.3,0.23,39.6,0.01,132.25,1
630,5.3,0.23,39.6,0.01,132.01,1
800,5.3,0.23,39.6,0.01,129.49,1
1000,5.3,0.23,39.6,0.01,125.58,1
1250,5.3,0.23,39.6,0.01,125.72,1
1600,5.3,0.23,39.6,0.01,123.08,1
2000,5.3,0.23,39.6,0.01,117.91,1
2500,5.3,0.23,39.6,0.01,116.15,1
3150,5.3,0.23,39.6,0.01,118.44,1
4000,5.3,0.23,39.6,0.01,115.8,1
5000,5.3,0.23,39.6,0.01,115.31,1
6300,5.3,0.23,39.6,0.01,112.54,1
200,7.3,0.23,71.3,0.01,138.76,1
250,7.3,0.23,71.3,0.01,139.92,1
315,7.3,0.23,71.3,0.01,139.81,1
400,7.3,0.23,71.3,0.01,139.44,1
500,7.3,0.23,71.3,0.01,136.8,1
630,7.3,0.23,71.3,0.01,133.77,1
800,7.3,0.23,71.3,0.01,130.75,1
1000,7.3,0.23,71.3,0.01,126.84,1
1250,7.3,0.23,71.3,0.01,127.36,1
1600,7.3,0.23,71.3,0.01,125.73,1
2000,7.3,0.23,71.3,0.01,122.71,1
2500,7.3,0.23,71.3,0.01,122.09,1
3150,7.3,0.23,71.3,0.01,120.46,1
4000,7.3,0.23,71.3,0.01,119.21,1
5000,7.3,0.23,71.3,0.01,115.3,1
6300,7.3,0.23,71.3,0.01,115.82,1
200,7.3,0.23,55.5,0.01,135.23,1
250,7.3,0.23,55.5,0.01,136.38,1
315,7.3,0.23,55.5,0.01,136.28,1
400,7.3,0.23,55.5,0.01,135.92,1
500,7.3,0.23,55.5,0.01,133.17,1
630,7.3,0.23,55.5,0.01,130.93,1
800,7.3,0.23,55.5,0.01,128.44,1
1000,7.3,0.23,55.5,0.01,125.19,1
1250,7.3,0.23,55.5,0.01,125.72,1
1600,7.3,0.23,55.5,0.01,123.35,1
2000,7.3,0.23,55.5,0.01,120.35,1
2500,7.3,0.23,55.5,0.01,118.99,1
3150,7.3,0.23,55.5,0.01,117.13,1
4000,7.3,0.23,55.5,0.01,117.28,1
5000,7.3,0.23,55.5,0.01,113.14,1
6300,7.3,0.23,55.5,0.01,111.53,1
200,7.3,0.23,39.6,0.01,130.99,1
250,7.3,0.23,39.6,0.01,131.89,1
315,7.3,0.23,39.6,0.01,132.15,1
400,7.3,0.23,39.6,0.01,132.04,1
500,7.3,0.23,39.6,0.01,130.3,1
630,7.3,0.23,39.6,0.01,128.93,1
800,7.3,0.23,39.6,0.01,126.3,1
1000,7.3,0.23,39.6,0.01,122.54,1
1250,7.3,0.23,39.6,0.01,123.19,1
1600,7.3,0.23,39.6,0.01,121.06,1
2000,7.3,0.23,39.6,0.01,117.81,1
2500,7.3,0.23,39.6,0.01,116.56,1
3150,7.3,0.23,39.6,0.01,114.31,1
4000,7.3,0.23,39.6,0.01,114.08,1
5000,7.3,0.23,39.6,0.01,111.96,1
6300,7.3,0.23,39.6,0.01,110.84,1
200,7.3,0.23,31.7,0.01,128.68,1
250,7.3,0.23,31.7,0.01,130.09,1
315,7.3,0.23,31.7,0.01,130.24,1
400,7.3,0.23,31.7,0.01,130.27,1
500,7.3,0.23,31.7,0.01,128.17,1
630,7.3,0.23,31.7,0.01,126.19,1
800,7.3,0.23,31.7,0.01,123.21,1
1000,7.3,0.23,31.7,0.01,119.1,1
1250,7.3,0.23,31.7,0.01,120.51,1
1600,7.3,0.23,31.7,0.01,119.04,1
2000,7.3,0.23,31.7,0.01,115.31,1
2500,7.3,0.23,31.7,0.01,114.71,1
3150,7.3,0.23,31.7,0.01,113.23,1
4000,7.3,0.23,31.7,0.01,112.64,1
5000,7.3,0.23,31.7,0.01,111.03,1
6300,7.3,0.23,31.7,0.01,110.69,1
800,0,0.15,71.3,0,125.82,1
1000,0,0.15,71.3,0,127.31,1
1250,0,0.15,71.3,0,128.93,1
1600,0,0.15,71.3,0,129.67,1
2000,0,0.15,71.3,0,128.65,1
2500,0,0.15,71.3,0,128.13,1
3150,0,0.15,71.3,0,129.38,1
4000,0,0.15,71.3,0,128.86,1
5000,0,0.15,71.3,0,126.46,1
6300,0,0.15,71.3,0,125.43,1
8000,0,0.15,71.3,0,122.53,1
10000,0,0.15,71.3,0,120.25,1
12500,0,0.15,71.3,0,117.09,1
16000,0,0.15,71.3,0,113.3,1
500,0,0.15,55.5,0,120.57,1
630,0,0.15,55.5,0,123.58,1
800,0,0.15,55.5,0,126.71,1
1000,0,0.15,55.5,0,128.58,1
1250,0,0.15,55.5,0,129.95,1
1600,0,0.15,55.5,0,130.18,1
2000,0,0.15,55.5,0,129.67,1
2500,0,0.15,55.5,0,127.76,1
3150,0,0.15,55.5,0,127.75,1
4000,0,0.15,55.5,0,127.23,1
5000,0,0.15,55.5,0,125.2,1
6300,0,0.15,55.5,0,123.3,1
8000,0,0.15,55.5,0,121.9,1
10000,0,0.15,55.5,0,119.25,1
12500,0,0.15,55.5,0,117.09,1
16000,0,0.15,55.5,0,112.8,1
500,0,0.15,39.6,0,119.51,1
630,0,0.15,39.6,0,124.4,1
800,0,0.15,39.6,0,127.9,1
1000,0,0.15,39.6,0,130.03,1
1250,0,0.15,39.6,0,131.02,1
1600,0,0.15,39.6,0,131.01,1
2000,0,0.15,39.6,0,129.63,1
2500,0,0.15,39.6,0,126.86,1
3150,0,0.15,39.6,0,125.6,1
4000,0,0.15,39.6,0,125.34,1
5000,0,0.15,39.6,0,123.45,1
6300,0,0.15,39.6,0,121.31,1
8000,0,0.15,39.6,0,120.55,1
10000,0,0.15,39.6,0,115.41,1
500,0,0.15,31.7,0,121.62,1
630,0,0.15,31.7,0,126,1
800,0,0.15,31.7,0,129.12,1
1000,0,0.15,31.7,0,130.99,1
1250,0,0.15,31.7,0,131.47,1
1600,0,0.15,31.7,0,130.82,1
2000,0,0.15,31.7,0,128.91,1
2500,0,0.15,31.7,0,125.87,1
3150,0,0.15,31.7,0,124.21,1
4000,0,0.15,31.7,0,123.81,1
5000,0,0.15,31.7,0,122.4,1
6300,0,0.15,31.7,0,119.74,1
8000,0,0.15,31.7,0,117.96,1
630,2.7,0.15,71.3,0,127.4,1
800,2.7,0.15,71.3,0,127.39,1
1000,2.7,0.15,71.3,0,128.77,1
1250,2.7,0.15,71.3,0,130.14,1
1600,2.7,0.15,71.3,0,130.64,1
2000,2.7,0.15,71.3,0,130.11,1
2500,2.7,0.15,71.3,0,128.33,1
3150,2.7,0.15,71.3,0,127.05,1
4000,2.7,0.15,71.3,0,126.53,1
5000,2.7,0.15,71.3,0,124.36,1
6300,2.7,0.15,71.3,0,121.94,1
8000,2.7,0.15,71.3,0,120.53,1
10000,2.7,0.15,71.3,0,116.72,1
12500,2.7,0.15,71.3,0,113.03,1
16000,2.7,0.15,71.3,0,110.36,1
500,2.7,0.15,39.6,0,121.01,1
630,2.7,0.15,39.6,0,125.81,1
800,2.7,0.15,39.6,0,128.83,1
1000,2.7,0.15,39.6,0,130.59,1
1250,2.7,0.15,39.6,0,130.83,1
1600,2.7,0.15,39.6,0,130.05,1
2000,2.7,0.15,39.6,0,128.14,1
2500,2.7,0.15,39.6,0,125.59,1
3150,2.7,0.15,39.6,0,122.92,1
4000,2.7,0.15,39.6,0,121.89,1
5000,2.7,0.15,39.6,0,121.5,1
6300,2.7,0.15,39.6,0,119.21,1
8000,2.7,0.15,39.6,0,116.66,1
10000,2.7,0.15,39.6,0,112.59,1
12500,2.7,0.15,39.6,0,108.65,1
400,5.4,0.15,71.3,0,124.12,1
500,5.4,0.15,71.3,0,126.29,1
630,5.4,0.15,71.3,0,128.97,1
800,5.4,0.15,71.3,0,131.28,1
1000,5.4,0.15,71.3,0,133.2,1
1250,5.4,0.15,71.3,0,134.11,1
1600,5.4,0.15,71.3,0,133.24,1
2000,5.4,0.15,71.3,0,131.11,1
2500,5.4,0.15,71.3,0,127.59,1
3150,5.4,0.15,71.3,0,123.31,1
4000,5.4,0.15,71.3,0,121.43,1
5000,5.4,0.15,71.3,0,120.06,1
6300,5.4,0.15,71.3,0,116.41,1
400,5.4,0.15,55.5,0,126.81,1
500,5.4,0.15,55.5,0,129.37,1
630,5.4,0.15,55.5,0,131.81,1
800,5.4,0.15,55.5,0,133.1,1
1000,5.4,0.15,55.5,0,132.13,1
1250,5.4,0.15,55.5,0,130.78,1
1600,5.4,0.15,55.5,0,130.57,1
2000,5.4,0.15,55.5,0,128.71,1
2500,5.4,0.15,55.5,0,124.08,1
3150,5.4,0.15,55.5,0,121.59,1
4000,5.4,0.15,55.5,0,119.74,1
5000,5.4,0.15,55.5,0,118.76,1
6300,5.4,0.15,55.5,0,117.29,1
8000,5.4,0.15,55.5,0,114.93,1
315,5.4,0.15,39.6,0,125.35,1
400,5.4,0.15,39.6,0,127.64,1
500,5.4,0.15,39.6,0,129.94,1
630,5.4,0.15,39.6,0,132.36,1
800,5.4,0.15,39.6,0,132.76,1
1000,5.4,0.15,39.6,0,130.51,1
1250,5.4,0.15,39.6,0,127.12,1
1600,5.4,0.15,39.6,0,126.27,1
2000,5.4,0.15,39.6,0,124.65,1
2500,5.4,0.15,39.6,0,120.5,1
3150,5.4,0.15,39.6,0,119.14,1
4000,5.4,0.15,39.6,0,117.14,1
5000,5.4,0.15,39.6,0,117.04,1
6300,5.4,0.15,39.6,0,116.68,1
315,5.4,0.15,31.7,0.01,125.74,1
400,5.4,0.15,31.7,0.01,127.78,1
500,5.4,0.15,31.7,0.01,129.68,1
630,5.4,0.15,31.7,0.01,131.47,1
800,5.4,0.15,31.7,0.01,131.49,1
1000,5.4,0.15,31.7,0.01,128.24,1
1250,5.4,0.15,31.7,0.01,123.99,1
1600,5.4,0.15,31.7,0.01,123.76,1
2000,5.4,0.15,31.7,0.01,122.77,1
2500,5.4,0.15,31.7,0.01,119.15,1
3150,5.4,0.15,31.7,0.01,118.29,1
4000,5.4,0.15,31.7,0.01,116.18,1
5000,5.4,0.15,31.7,0.01,115.69,1
6300,5.4,0.15,31.7,0.01,115.59,1
315,7.2,0.15,71.3,0.01,128.71,1
400,7.2,0.15,71.3,0.01,130.12,1
500,7.2,0.15,71.3,0.01,132.04,1
630,7.2,0.15,71.3,0.01,134.85,1
800,7.2,0.15,71.3,0.01,136.02,1
1000,7.2,0.15,71.3,0.01,134.27,1
1250,7.2,0.15,71.3,0.01,132.51,1
1600,7.2,0.15,71.3,0.01,130.89,1
2000,7.2,0.15,71.3,0.01,128.64,1
2500,7.2,0.15,71.3,0.01,124.35,1
3150,7.2,0.15,71.3,0.01,116.78,1
4000,7.2,0.15,71.3,0.01,119.34,1
5000,7.2,0.15,71.3,0.01,118.34,1
6300,7.2,0.15,71.3,0.01,116.6,1
8000,7.2,0.15,71.3,0.01,113.33,1
10000,7.2,0.15,71.3,0.01,110.31,1
250,7.2,0.15,39.6,0.01,127.49,1
315,7.2,0.15,39.6,0.01,130.56,1
400,7.2,0.15,39.6,0.01,132.12,1
500,7.2,0.15,39.6,0.01,132.66,1
630,7.2,0.15,39.6,0.01,133.2,1
800,7.2,0.15,39.6,0.01,132.36,1
1000,7.2,0.15,39.6,0.01,128.34,1
1250,7.2,0.15,39.6,0.01,122.43,1
1600,7.2,0.15,39.6,0.01,120.06,1
2000,7.2,0.15,39.6,0.01,120.23,1
2500,7.2,0.15,39.6,0.01,117.48,1
3150,7.2,0.15,39.6,0.01,111.82,1
4000,7.2,0.15,39.6,0.01,114.26,1
5000,7.2,0.15,39.6,0.01,113.29,1
6300,7.2,0.15,39.6,0.01,112.69,1
8000,7.2,0.15,39.6,0.01,111.59,1
10000,7.2,0.15,39.6,0.01,110.87,1
200,9.9,0.15,71.3,0.02,134.32,1
250,9.9,0.15,71.3,0.02,135.33,1
315,9.9,0.15,71.3,0.02,135.46,1
400,9.9,0.15,71.3,0.02,135.08,1
500,9.9,0.15,71.3,0.02,131.28,1
630,9.9,0.15,71.3,0.02,129.89,1
800,9.9,0.15,71.3,0.02,128.88,1
1000,9.9,0.15,71.3,0.02,126.35,1
1250,9.9,0.15,71.3,0.02,122.68,1
1600,9.9,0.15,71.3,0.02,121.79,1
2000,9.9,0.15,71.3,0.02,120.78,1
2500,9.9,0.15,71.3,0.02,119.64,1
3150,9.9,0.15,71.3,0.02,116.85,1
4000,9.9,0.15,71.3,0.02,115.08,1
5000,9.9,0.15,71.3,0.02,114.57,1
6300,9.9,0.15,71.3,0.02,112.04,1
200,9.9,0.15,55.5,0.02,131.96,1
250,9.9,0.15,55.5,0.02,133.24,1
315,9.9,0.15,55.5,0.02,132.36,1
400,9.9,0.15,55.5,0.02,131.61,1
500,9.9,0.15,55.5,0.02,127.82,1
630,9.9,0.15,55.5,0.02,127.32,1
800,9.9,0.15,55.5,0.02,126.57,1
1000,9.9,0.15,55.5,0.02,124.67,1
1250,9.9,0.15,55.5,0.02,121.64,1
1600,9.9,0.15,55.5,0.02,119.88,1
2000,9.9,0.15,55.5,0.02,119.51,1
2500,9.9,0.15,55.5,0.02,118.37,1
3150,9.9,0.15,55.5,0.02,115.09,1
4000,9.9,0.15,55.5,0.02,112.95,1
5000,9.9,0.15,55.5,0.02,112.07,1
6300,9.9,0.15,55.5,0.02,110.56,1
200,9.9,0.15,39.6,0.02,127.32,1
250,9.9,0.15,39.6,0.02,128.34,1
315,9.9,0.15,39.6,0.02,128.6,1
400,9.9,0.15,39.6,0.02,128.35,1
500,9.9,0.15,39.6,0.02,126.84,1
630,9.9,0.15,39.6,0.02,126.47,1
800,9.9,0.15,39.6,0.02,126.35,1
1000,9.9,0.15,39.6,0.02,123.84,1
1250,9.9,0.15,39.6,0.02,120.56,1
1600,9.9,0.15,39.6,0.02,118.55,1
2000,9.9,0.15,39.6,0.02,117.93,1
2500,9.9,0.15,39.6,0.02,116.3,1
3150,9.9,0.15,39.6,0.02,113.53,1
4000,9.9,0.15,39.6,0.02,112.27,1
5000,9.9,0.15,39.6,0.02,111.14,1
6300,9.9,0.15,39.6,0.02,109.89,1
200,9.9,0.15,31.7,0.03,127.3,1
250,9.9,0.15,31.7,0.03,128.56,1
315,9.9,0.15,31.7,0.03,128.81,1
400,9.9,0.15,31.7,0.03,128.94,1
500,9.9,0.15,31.7,0.03,127.18,1
630,9.9,0.15,31.7,0.03,126.05,1
800,9.9,0.15,31.7,0.03,125.54,1
1000,9.9,0.15,31.7,0.03,122.15,1
1250,9.9,0.15,31.7,0.03,118.62,1
1600,9.9,0.15,31.7,0.03,117.12,1
2000,9.9,0.15,31.7,0.03,116.86,1
2500,9.9,0.15,31.7,0.03,114.73,1
3150,9.9,0.15,31.7,0.03,112.21,1
4000,9.9,0.15,31.7,0.03,111.46,1
5000,9.9,0.15,31.7,0.03,109.95,1
6300,9.9,0.15,31.7,0.03,108.69,1
200,12.6,0.15,71.3,0.05,128.35,1
250,12.6,0.15,71.3,0.05,129.74,1
315,12.6,0.15,71.3,0.05,128.48,1
400,12.6,0.15,71.3,0.05,127.09,1
500,12.6,0.15,71.3,0.05,121.66,1
630,12.6,0.15,71.3,0.05,123.3,1
800,12.6,0.15,71.3,0.05,123.05,1
1000,12.6,0.15,71.3,0.05,122.04,1
1250,12.6,0.15,71.3,0.05,120.15,1
1600,12.6,0.15,71.3,0.05,120.53,1
2000,12.6,0.15,71.3,0.05,117.5,1
2500,12.6,0.15,71.3,0.05,115.23,1
3150,12.6,0.15,71.3,0.05,113.33,1
4000,12.6,0.15,71.3,0.05,108.03,1
5000,12.6,0.15,71.3,0.05,108.03,1
6300,12.6,0.15,71.3,0.05,107.28,1
200,12.6,0.15,39.6,0.06,114.75,1
250,12.6,0.15,39.6,0.06,115.89,1
315,12.6,0.15,39.6,0.06,116.02,1
400,12.6,0.15,39.6,0.06,115.91,1
500,12.6,0.15,39.6,0.06,114.9,1
630,12.6,0.15,39.6,0.06,116.55,1
800,12.6,0.15,39.6,0.06,116.56,1
1000,12.6,0.15,39.6,0.06,114.67,1
1250,12.6,0.15,39.6,0.06,112.16,1
1600,12.6,0.15,39.6,0.06,110.78,1
2000,12.6,0.15,39.6,0.06,109.52,1
2500,12.6,0.15,39.6,0.06,106.88,1
3150,12.6,0.15,39.6,0.06,106.26,1
4000,12.6,0.15,39.6,0.06,104.5,1
5000,12.6,0.15,39.6,0.06,104.13,1
6300,12.6,0.15,39.6,0.06,103.38,1
800,0,0.05,71.3,0,130.96,1
1000,0,0.05,71.3,0,129.45,1
1250,0,0.05,71.3,0,128.56,1
1600,0,0.05,71.3,0,129.68,1
2000,0,0.05,71.3,0,131.06,1
2500,0,0.05,71.3,0,131.31,1
3150,0,0.05,71.3,0,135.07,1
4000,0,0.05,71.3,0,134.43,1
5000,0,0.05,71.3,0,134.43,1
6300,0,0.05,71.3,0,133.04,1
8000,0,0.05,71.3,0,130.89,1
10000,0,0.05,71.3,0,128.74,1
12500,0,0.05,71.3,0,125.22,1
800,0,0.05,55.5,0,124.34,1
1000,0,0.05,55.5,0,125.59,1
1250,0,0.05,55.5,0,127.08,1
1600,0,0.05,55.5,0,128.58,1
2000,0,0.05,55.5,0,131.46,1
2500,0,0.05,55.5,0,133.96,1
3150,0,0.05,55.5,0,134.83,1
4000,0,0.05,55.5,0,134.95,1
5000,0,0.05,55.5,0,134.56,1
6300,0,0.05,55.5,0,132.8,1
8000,0,0.05,55.5,0,130.16,1
10000,0,0.05,55.5,0,127.64,1
12500,0,0.05,55.5,0,125.38,1
800,0,0.05,39.6,0,126.51,1
1000,0,0.05,39.6,0,127.64,1
1250,0,0.05,39.6,0,129.15,1
1600,0,0.05,39.6,0,130.91,1
2000,0,0.05,39.6,0,132.92,1
2500,0,0.05,39.6,0,134.94,1
3150,0,0.05,39.6,0,135.94,1
4000,0,0.05,39.6,0,135.31,1
5000,0,0.05,39.6,0,134.31,1
6300,0,0.05,39.6,0,131.92,1
8000,0,0.05,39.6,0,128.52,1
10000,0,0.05,39.6,0,126,1
12500,0,0.05,39.6,0,123.99,1
800,0,0.05,31.7,0,122.79,1
1000,0,0.05,31.7,0,126.78,1
1250,0,0.05,31.7,0,129.27,1
1600,0,0.05,31.7,0,131.01,1
2000,0,0.05,31.7,0,133.01,1
2500,0,0.05,31.7,0,134.87,1
3150,0,0.05,31.7,0,135.49,1
4000,0,0.05,31.7,0,134.11,1
5000,0,0.05,31.7,0,133.23,1
6300,0,0.05,31.7,0,130.34,1
8000,0,0.05,31.7,0,126.59,1
10000,0,0.05,31.7,0,122.45,1
12500,0,0.05,31.7,0,119.07,1
1600,4.2,0.05,71.3,0,124.32,1
2000,4.2,0.05,71.3,0,129.85,1
2500,4.2,0.05,71.3,0,131.98,1
3150,4.2,0.05,71.3,0,133.73,1
4000,4.2,0.05,71.3,0,133.6,1
5000,4.2,0.05,71.3,0,132.83,1
6300,4.2,0.05,71.3,0,129.31,1
8000,4.2,0.05,71.3,0,125.27,1
10000,4.2,0.05,71.3,0,121.24,1
12500,4.2,0.05,71.3,0,117.33,1
1000,4.2,0.05,39.6,0,125.65,1
1250,4.2,0.05,39.6,0,128.43,1
1600,4.2,0.05,39.6,0,130.2,1
2000,4.2,0.05,39.6,0,132.59,1
2500,4.2,0.05,39.6,0,133.85,1
3150,4.2,0.05,39.6,0,133.59,1
4000,4.2,0.05,39.6,0,131.81,1
5000,4.2,0.05,39.6,0,129.78,1
6300,4.2,0.05,39.6,0,125.72,1
8000,4.2,0.05,39.6,0,120.4,1
10000,4.2,0.05,39.6,0,116.97,1
800,8.4,0.05,71.3,0.01,127.56,1
1000,8.4,0.05,71.3,0.01,129.95,1
1250,8.4,0.05,71.3,0.01,132.09,1
1600,8.4,0.05,71.3,0.01,133.85,1
2000,8.4,0.05,71.3,0.01,134.48,1
2500,8.4,0.05,71.3,0.01,134.23,1
3150,8.4,0.05,71.3,0.01,131.97,1
4000,8.4,0.05,71.3,0.01,126.93,1
5000,8.4,0.05,71.3,0.01,121.15,1
400,8.4,0.05,55.5,0.01,121.58,1
500,8.4,0.05,55.5,0.01,123.74,1
630,8.4,0.05,55.5,0.01,126.15,1
800,8.4,0.05,55.5,0.01,128.56,1
1000,8.4,0.05,55.5,0.01,130.72,1
1250,8.4,0.05,55.5,0.01,132.25,1
1600,8.4,0.05,55.5,0.01,133.03,1
2000,8.4,0.05,55.5,0.01,133.04,1
2500,8.4,0.05,55.5,0.01,131.54,1
3150,8.4,0.05,55.5,0.01,128.4,1
4000,8.4,0.05,55.5,0.01,122.61,1
5000,8.4,0.05,55.5,0.01,115.81,1
400,8.4,0.05,39.6,0.01,120.02,1
500,8.4,0.05,39.6,0.01,122.91,1
630,8.4,0.05,39.6,0.01,126.05,1
800,8.4,0.05,39.6,0.01,128.44,1
1000,8.4,0.05,39.6,0.01,130.2,1
1250,8.4,0.05,39.6,0.01,131.21,1
1600,8.4,0.05,39.6,0.01,130.97,1
2000,8.4,0.05,39.6,0.01,129.97,1
2500,8.4,0.05,39.6,0.01,127.47,1
3150,8.4,0.05,39.6,0.01,123.97,1
4000,8.4,0.05,39.6,0.01,118.96,1
400,8.4,0.05,31.7,0.01,120.08,1
500,8.4,0.05,31.7,0.01,122.97,1
630,8.4,0.05,31.7,0.01,125.86,1
800,8.4,0.05,31.7,0.01,128.25,1
1000,8.4,0.05,31.7,0.01,129.52,1
1250,8.4,0.05,31.7,0.01,130.16,1
1600,8.4,0.05,31.7,0.01,129.3,1
2000,8.4,0.05,31.7,0.01,127.69,1
2500,8.4,0.05,31.7,0.01,125.58,1
3150,8.4,0.05,31.7,0.01,122.09,1
4000,8.4,0.05,31.7,0.01,118.11,1
200,11.2,0.05,71.3,0.01,125.94,1
250,11.2,0.05,71.3,0.01,127.1,1
315,11.2,0.05,71.3,0.01,128.38,1
400,11.2,0.05,71.3,0.01,129.28,1
500,11.2,0.05,71.3,0.01,130.31,1
630,11.2,0.05,71.3,0.01,133.61,1
800,11.2,0.05,71.3,0.01,136.03,1
1000,11.2,0.05,71.3,0.01,136.94,1
1250,11.2,0.05,71.3,0.01,136.19,1
1600,11.2,0.05,71.3,0.01,135.19,1
2000,11.2,0.05,71.3,0.01,133.31,1
2500,11.2,0.05,71.3,0.01,130.54,1
3150,11.2,0.05,71.3,0.01,127.14,1
4000,11.2,0.05,71.3,0.01,122.47,1
200,11.2,0.05,39.6,0.02,125.01,1
250,11.2,0.05,39.6,0.02,126.43,1
315,11.2,0.05,39.6,0.02,128.99,1
400,11.2,0.05,39.6,0.02,130.67,1
500,11.2,0.05,39.6,0.02,131.96,1
630,11.2,0.05,39.6,0.02,133.13,1
800,11.2,0.05,39.6,0.02,133.79,1
1000,11.2,0.05,39.6,0.02,132.43,1
1250,11.2,0.05,39.6,0.02,130.05,1
1600,11.2,0.05,39.6,0.02,126.54,1
2000,11.2,0.05,39.6,0.02,124.42,1
2500,11.2,0.05,39.6,0.02,122.17,1
3150,11.2,0.05,39.6,0.02,119.67,1
4000,11.2,0.05,39.6,0.02,115.52,1
200,15.4,0.05,71.3,0.03,123.6,1
250,15.4,0.05,71.3,0.03,124.84,1
315,15.4,0.05,71.3,0.03,126.2,1
400,15.4,0.05,71.3,0.03,126.81,1
500,15.4,0.05,71.3,0.03,127.29,1
630,15.4,0.05,71.3,0.03,129.65,1
800,15.4,0.05,71.3,0.03,131.52,1
1000,15.4,0.05,71.3,0.03,131.87,1
1250,15.4,0.05,71.3,0.03,130.85,1
1600,15.4,0.05,71.3,0.03,130.07,1
2000,15.4,0.05,71.3,0.03,129.29,1
2500,15.4,0.05,71.3,0.03,127.63,1
3150,15.4,0.05,71.3,0.03,125.72,1
4000,15.4,0.05,71.3,0.03,122.68,1
5000,15.4,0.05,71.3,0.03,119.14,1
6300,15.4,0.05,71.3,0.03,115.22,1
8000,15.4,0.05,71.3,0.03,112.68,1
200,15.4,0.05,55.5,0.03,122.94,1
250,15.4,0.05,55.5,0.03,124.17,1
315,15.4,0.05,55.5,0.03,125.39,1
400,15.4,0.05,55.5,0.03,126.5,1
500,15.4,0.05,55.5,0.03,127.22,1
630,15.4,0.05,55.5,0.03,129.33,1
800,15.4,0.05,55.5,0.03,130.43,1
1000,15.4,0.05,55.5,0.03,130.4,1
1250,15.4,0.05,55.5,0.03,130,1
1600,15.4,0.05,55.5,0.03,128.2,1
2000,15.4,0.05,55.5,0.03,127.04,1
2500,15.4,0.05,55.5,0.03,125.63,1
3150,15.4,0.05,55.5,0.03,123.46,1
4000,15.4,0.05,55.5,0.03,120.92,1
5000,15.4,0.05,55.5,0.03,117.11,1
6300,15.4,0.05,55.5,0.03,112.93,1
200,15.4,0.05,39.6,0.03,121.78,1
250,15.4,0.05,39.6,0.03,122.89,1
315,15.4,0.05,39.6,0.03,124.49,1
400,15.4,0.05,39.6,0.03,125.35,1
500,15.4,0.05,39.6,0.03,125.96,1
630,15.4,0.05,39.6,0.03,127.44,1
800,15.4,0.05,39.6,0.03,128.42,1
1000,15.4,0.05,39.6,0.03,127.89,1
1250,15.4,0.05,39.6,0.03,126.74,1
1600,15.4,0.05,39.6,0.03,124.84,1
2000,15.4,0.05,39.6,0.03,123.44,1
2500,15.4,0.05,39.6,0.03,122.41,1
3150,15.4,0.05,39.6,0.03,120.51,1
4000,15.4,0.05,39.6,0.03,118.11,1
5000,15.4,0.05,39.6,0.03,114.45,1
6300,15.4,0.05,39.6,0.03,109.66,1
200,15.4,0.05,31.7,0.03,119.98,1
250,15.4,0.05,31.7,0.03,121.23,1
315,15.4,0.05,31.7,0.03,122.85,1
400,15.4,0.05,31.7,0.03,123.71,1
500,15.4,0.05,31.7,0.03,123.7,1
630,15.4,0.05,31.7,0.03,124.69,1
800,15.4,0.05,31.7,0.03,125.56,1
1000,15.4,0.05,31.7,0.03,124.53,1
1250,15.4,0.05,31.7,0.03,123.26,1
1600,15.4,0.05,31.7,0.03,121.49,1
2000,15.4,0.05,31.7,0.03,120.84,1
2500,15.4,0.05,31.7,0.03,119.95,1
3150,15.4,0.05,31.7,0.03,118.05,1
4000,15.4,0.05,31.7,0.03,115.64,1
5000,15.4,0.05,31.7,0.03,112.36,1
6300,15.4,0.05,31.7,0.03,108.19,1
200,19.7,0.05,71.3,0.03,118.01,1
250,19.7,0.05,71.3,0.03,119.12,1
315,19.7,0.05,71.3,0.03,121.24,1
400,19.7,0.05,71.3,0.03,123.87,1
500,19.7,0.05,71.3,0.03,127,1
630,19.7,0.05,71.3,0.03,128.37,1
800,19.7,0.05,71.3,0.03,124.56,1
1000,19.7,0.05,71.3,0.03,121.89,1
1250,19.7,0.05,71.3,0.03,121.49,1
1600,19.7,0.05,71.3,0.03,120.58,1
2000,19.7,0.05,71.3,0.03,120.06,1
2500,19.7,0.05,71.3,0.03,118.39,1
3150,19.7,0.05,71.3,0.03,116.23,1
4000,19.7,0.05,71.3,0.03,113.05,1
200,19.7,0.05,39.6,0.04,125.97,1
250,19.7,0.05,39.6,0.04,127.22,1
315,19.7,0.05,39.6,0.04,129.86,1
400,19.7,0.05,39.6,0.04,130.61,1
500,19.7,0.05,39.6,0.04,128.44,1
630,19.7,0.05,39.6,0.04,120.32,1
800,19.7,0.05,39.6,0.04,119.17,1
1000,19.7,0.05,39.6,0.04,118.9,1
1250,19.7,0.05,39.6,0.04,118.63,1
1600,19.7,0.05,39.6,0.04,117.6,1
2000,19.7,0.05,39.6,0.04,117.72,1
2500,19.7,0.05,39.6,0.04,116.18,1
3150,19.7,0.05,39.6,0.04,113,1
4000,19.7,0.05,39.6,0.04,108.68,1
2500,0,0.03,71.3,0,133.71,1
3150,0,0.03,71.3,0,137.01,1
4000,0,0.03,71.3,0,138.56,1
5000,0,0.03,71.3,0,136.84,1
6300,0,0.03,71.3,0,134.99,1
8000,0,0.03,71.3,0,129.87,1
10000,0,0.03,71.3,0,130.79,1
12500,0,0.03,71.3,0,133.21,1
16000,0,0.03,71.3,0,130.48,1
20000,0,0.03,71.3,0,123.22,1
2000,0,0.03,55.5,0,127.62,1
2500,0,0.03,55.5,0,130.07,1
3150,0,0.03,55.5,0,130.5,1
4000,0,0.03,55.5,0,133.22,1
5000,0,0.03,55.5,0,135.8,1
6300,0,0.03,55.5,0,136.1,1
8000,0,0.03,55.5,0,136.16,1
10000,0,0.03,55.5,0,134.56,1
12500,0,0.03,55.5,0,131.45,1
16000,0,0.03,55.5,0,125.68,1
20000,0,0.03,55.5,0,121.93,1
1600,0,0.03,39.6,0,124.16,1
2000,0,0.03,39.6,0,130.03,1
2500,0,0.03,39.6,0,131.84,1
3150,0,0.03,39.6,0,133.28,1
4000,0,0.03,39.6,0,135.35,1
5000,0,0.03,39.6,0,136.54,1
6300,0,0.03,39.6,0,136.83,1
8000,0,0.03,39.6,0,135.87,1
10000,0,0.03,39.6,0,133.38,1
12500,0,0.03,39.6,0,129.12,1
16000,0,0.03,39.6,0,124.99,1
1000,0,0.03,31.7,0,125.13,1
1250,0,0.03,31.7,0,127.95,1
1600,0,0.03,31.7,0,129.27,1
2000,0,0.03,31.7,0,130.7,1
2500,0,0.03,31.7,0,132.9,1
3150,0,0.03,31.7,0,135.23,1
4000,0,0.03,31.7,0,137.05,1
5000,0,0.03,31.7,0,138.61,1
6300,0,0.03,31.7,0,138.54,1
8000,0,0.03,31.7,0,137.21,1
10000,0,0.03,31.7,0,134.23,1
12500,0,0.03,31.7,0,128.98,1
16000,0,0.03,31.7,0,125.63,1
2000,4.8,0.03,71.3,0,128.4,1
2500,4.8,0.03,71.3,0,130.83,1
3150,4.8,0.03,71.3,0,133.38,1
4000,4.8,0.03,71.3,0,134.93,1
5000,4.8,0.03,71.3,0,135.47,1
6300,4.8,0.03,71.3,0,134.5,1
8000,4.8,0.03,71.3,0,131.52,1
10000,4.8,0.03,71.3,0,127.4,1
12500,4.8,0.03,71.3,0,127.69,1
16000,4.8,0.03,71.3,0,124.21,1
20000,4.8,0.03,71.3,0,119.71,1
1600,4.8,0.03,55.5,0,121.47,1
2000,4.8,0.03,55.5,0,125.05,1
2500,4.8,0.03,55.5,0,129.14,1
3150,4.8,0.03,55.5,0,132.35,1
4000,4.8,0.03,55.5,0,133.92,1
5000,4.8,0.03,55.5,0,135.48,1
6300,4.8,0.03,55.5,0,135.16,1
8000,4.8,0.03,55.5,0,132.18,1
10000,4.8,0.03,55.5,0,126.94,1
12500,4.8,0.03,55.5,0,125.09,1
16000,4.8,0.03,55.5,0,124.39,1
20000,4.8,0.03,55.5,0,121.28,1
500,4.8,0.03,39.6,0,116.37,1
630,4.8,0.03,39.6,0,118.7,1
800,4.8,0.03,39.6,0,120.77,1
1000,4.8,0.03,39.6,0,122.96,1
1250,4.8,0.03,39.6,0,125.03,1
1600,4.8,0.03,39.6,0,125.97,1
2000,4.8,0.03,39.6,0,128.92,1
2500,4.8,0.03,39.6,0,131.24,1
3150,4.8,0.03,39.6,0,133.44,1
4000,4.8,0.03,39.6,0,135,1
5000,4.8,0.03,39.6,0,135.43,1
6300,4.8,0.03,39.6,0,134.34,1
8000,4.8,0.03,39.6,0,131.35,1
10000,4.8,0.03,39.6,0,126.07,1
500,4.8,0.03,31.7,0,116.13,1
630,4.8,0.03,31.7,0,120.08,1
800,4.8,0.03,31.7,0,122.65,1
1000,4.8,0.03,31.7,0,125.35,1
1250,4.8,0.03,31.7,0,127.41,1
1600,4.8,0.03,31.7,0,128.72,1
2000,4.8,0.03,31.7,0,130.15,1
2500,4.8,0.03,31.7,0,132.59,1
3150,4.8,0.03,31.7,0,134.27,1
4000,4.8,0.03,31.7,0,135.33,1
5000,4.8,0.03,31.7,0,135.25,1
6300,4.8,0.03,31.7,0,132.9,1
8000,4.8,0.03,31.7,0,127.01,1
630,9.5,0.03,71.3,0,125.73,1
800,9.5,0.03,71.3,0,127.21,1
1000,9.5,0.03,71.3,0,129.56,1
1250,9.5,0.03,71.3,0,131.66,1
1600,9.5,0.03,71.3,0,133.76,1
2000,9.5,0.03,71.3,0,134.98,1
2500,9.5,0.03,71.3,0,135.96,1
3150,9.5,0.03,71.3,0,136.17,1
4000,9.5,0.03,71.3,0,134.24,1
5000,9.5,0.03,71.3,0,131.19,1
6300,9.5,0.03,71.3,0,127.25,1
400,9.5,0.03,55.5,0,120.95,1
500,9.5,0.03,55.5,0,123.08,1
630,9.5,0.03,55.5,0,125.45,1
800,9.5,0.03,55.5,0,128.08,1
1000,9.5,0.03,55.5,0,130.33,1
1250,9.5,0.03,55.5,0,132.2,1
1600,9.5,0.03,55.5,0,133.06,1
2000,9.5,0.03,55.5,0,134.05,1
2500,9.5,0.03,55.5,0,134.15,1
3150,9.5,0.03,55.5,0,133.25,1
4000,9.5,0.03,55.5,0,131.58,1
5000,9.5,0.03,55.5,0,128.41,1
6300,9.5,0.03,55.5,0,124.22,1
200,9.5,0.03,39.6,0,116.07,1
250,9.5,0.03,39.6,0,116.92,1
315,9.5,0.03,39.6,0,119.29,1
400,9.5,0.03,39.6,0,121.15,1
500,9.5,0.03,39.6,0,123.89,1
630,9.5,0.03,39.6,0,126.51,1
800,9.5,0.03,39.6,0,129.01,1
1000,9.5,0.03,39.6,0,130.37,1
1250,9.5,0.03,39.6,0,130.96,1
1600,9.5,0.03,39.6,0,131.18,1
2000,9.5,0.03,39.6,0,131.27,1
2500,9.5,0.03,39.6,0,131.23,1
3150,9.5,0.03,39.6,0,129.93,1
4000,9.5,0.03,39.6,0,127.86,1
5000,9.5,0.03,39.6,0,125.04,1
6300,9.5,0.03,39.6,0,120.32,1
200,9.5,0.03,31.7,0,119.15,1
250,9.5,0.03,31.7,0,120.14,1
315,9.5,0.03,31.7,0,122.77,1
400,9.5,0.03,31.7,0,124.76,1
500,9.5,0.03,31.7,0,126.89,1
630,9.5,0.03,31.7,0,129.01,1
800,9.5,0.03,31.7,0,130.75,1
1000,9.5,0.03,31.7,0,131.35,1
1250,9.5,0.03,31.7,0,131.45,1
1600,9.5,0.03,31.7,0,131.04,1
2000,9.5,0.03,31.7,0,130.5,1
2500,9.5,0.03,31.7,0,130.09,1
3150,9.5,0.03,31.7,0,128.54,1
4000,9.5,0.03,31.7,0,126.74,1
5000,9.5,0.03,31.7,0,124.43,1
6300,9.5,0.03,31.7,0,120.73,1
250,12.7,0.03,71.3,0.01,119.7,1
315,12.7,0.03,71.3,0.01,122.94,1
400,12.7,0.03,71.3,0.01,125.05,1
500,12.7,0.03,71.3,0.01,126.9,1
630,12.7,0.03,71.3,0.01,128.88,1
800,12.7,0.03,71.3,0.01,130.35,1
1000,12.7,0.03,71.3,0.01,131.7,1
1250,12.7,0.03,71.3,0.01,133.05,1
1600,12.7,0.03,71.3,0.01,134.53,1
2000,12.7,0.03,71.3,0.01,134.23,1
2500,12.7,0.03,71.3,0.01,134.06,1
3150,12.7,0.03,71.3,0.01,133.76,1
4000,12.7,0.03,71.3,0.01,131.81,1
5000,12.7,0.03,71.3,0.01,128.98,1
6300,12.7,0.03,71.3,0.01,125.4,1
8000,12.7,0.03,71.3,0.01,120.54,1
10000,12.7,0.03,71.3,0.01,114.42,1
250,12.7,0.03,39.6,0.01,121.55,1
315,12.7,0.03,39.6,0.01,123.54,1
400,12.7,0.03,39.6,0.01,125.53,1
500,12.7,0.03,39.6,0.01,127.13,1
630,12.7,0.03,39.6,0.01,128.87,1
800,12.7,0.03,39.6,0.01,130.22,1
1000,12.7,0.03,39.6,0.01,130.95,1
1250,12.7,0.03,39.6,0.01,130.78,1
1600,12.7,0.03,39.6,0.01,129.98,1
2000,12.7,0.03,39.6,0.01,129.57,1
2500,12.7,0.03,39.6,0.01,129.03,1
3150,12.7,0.03,39.6,0.01,127.85,1
4000,12.7,0.03,39.6,0.01,126.54,1
5000,12.7,0.03,39.6,0.01,125.11,1
6300,12.7,0.03,39.6,0.01,123.18,1
8000,12.7,0.03,39.6,0.01,120.61,1
10000,12.7,0.03,39.6,0.01,116.02,1
200,17.4,0.03,71.3,0.02,112.51,1
250,17.4,0.03,71.3,0.02,113.8,1
315,17.4,0.03,71.3,0.02,115.85,1
400,17.4,0.03,71.3,0.02,117.4,1
500,17.4,0.03,71.3,0.02,119.81,1
630,17.4,0.03,71.3,0.02,122.61,1
800,17.4,0.03,71.3,0.02,124.28,1
1000,17.4,0.03,71.3,0.02,125.82,1
1250,17.4,0.03,71.3,0.02,126.36,1
1600,17.4,0.03,71.3,0.02,126.41,1
2000,17.4,0.03,71.3,0.02,126.83,1
2500,17.4,0.03,71.3,0.02,126.75,1
3150,17.4,0.03,71.3,0.02,126.54,1
4000,17.4,0.03,71.3,0.02,125.59,1
5000,17.4,0.03,71.3,0.02,123.13,1
6300,17.4,0.03,71.3,0.02,119.92,1
8000,17.4,0.03,71.3,0.02,115.47,1
200,17.4,0.03,55.5,0.02,109.95,1
250,17.4,0.03,55.5,0.02,110.49,1
315,17.4,0.03,55.5,0.02,111.91,1
400,17.4,0.03,55.5,0.02,115.46,1
500,17.4,0.03,55.5,0.02,119.62,1
630,17.4,0.03,55.5,0.02,122.41,1
800,17.4,0.03,55.5,0.02,123.09,1
1000,17.4,0.03,55.5,0.02,126,1
1250,17.4,0.03,55.5,0.02,129.3,1
1600,17.4,0.03,55.5,0.02,126.47,1
2000,17.4,0.03,55.5,0.02,125.26,1
2500,17.4,0.03,55.5,0.02,124.93,1
3150,17.4,0.03,55.5,0.02,124.1,1
4000,17.4,0.03,55.5,0.02,121.77,1
5000,17.4,0.03,55.5,0.02,118.94,1
6300,17.4,0.03,55.5,0.02,114.86,1
200,17.4,0.03,39.6,0.02,114.04,1
250,17.4,0.03,39.6,0.02,114.71,1
315,17.4,0.03,39.6,0.02,115.14,1
400,17.4,0.03,39.6,0.02,115.44,1
500,17.4,0.03,39.6,0.02,117.51,1
630,17.4,0.03,39.6,0.02,124.51,1
800,17.4,0.03,39.6,0.02,135.32,1
1000,17.4,0.03,39.6,0.02,138.27,1
1250,17.4,0.03,39.6,0.02,131.36,1
1600,17.4,0.03,39.6,0.02,127.61,1
2000,17.4,0.03,39.6,0.02,126.64,1
2500,17.4,0.03,39.6,0.02,124.15,1
3150,17.4,0.03,39.6,0.02,123.56,1
4000,17.4,0.03,39.6,0.02,122.72,1
5000,17.4,0.03,39.6,0.02,119.85,1
200,17.4,0.03,31.7,0.02,116.15,1
250,17.4,0.03,31.7,0.02,116.96,1
315,17.4,0.03,31.7,0.02,118.42,1
400,17.4,0.03,31.7,0.02,120.77,1
500,17.4,0.03,31.7,0.02,127.68,1
630,17.4,0.03,31.7,0.02,136.89,1
800,17.4,0.03,31.7,0.02,139.23,1
1000,17.4,0.03,31.7,0.02,131.8,1
1250,17.4,0.03,31.7,0.02,128.31,1
1600,17.4,0.03,31.7,0.02,126.85,1
2000,17.4,0.03,31.7,0.02,124.36,1
2500,17.4,0.03,31.7,0.02,124.17,1
3150,17.4,0.03,31.7,0.02,123.47,1
4000,17.4,0.03,31.7,0.02,122,1
5000,17.4,0.03,31.7,0.02,118,1
315,22.2,0.03,71.3,0.02,115.86,1
400,22.2,0.03,71.3,0.02,117.93,1
500,22.2,0.03,71.3,0.02,117.97,1
630,22.2,0.03,71.3,0.02,120.66,1
800,22.2,0.03,71.3,0.02,123.23,1
1000,22.2,0.03,71.3,0.02,134.25,1
1250,22.2,0.03,71.3,0.02,140.99,1
1600,22.2,0.03,71.3,0.02,131.82,1
2000,22.2,0.03,71.3,0.02,127.2,1
2500,22.2,0.03,71.3,0.02,126.1,1
3150,22.2,0.03,71.3,0.02,124.13,1
4000,22.2,0.03,71.3,0.02,123.92,1
5000,22.2,0.03,71.3,0.02,125.73,1
6300,22.2,0.03,71.3,0.02,123.13,1
8000,22.2,0.03,71.3,0.02,121.66,1
200,22.2,0.03,39.6,0.02,116.07,1
250,22.2,0.03,39.6,0.02,117.39,1
315,22.2,0.03,39.6,0.02,120.72,1
400,22.2,0.03,39.6,0.02,123.42,1
500,22.2,0.03,39.6,0.02,129.78,1
630,22.2,0.03,39.6,0.02,137.03,1
800,22.2,0.03,39.6,0.02,137.08,1
1000,22.2,0.03,39.6,0.02,128.42,1
1250,22.2,0.03,39.6,0.02,126.45,1
1600,22.2,0.03,39.6,0.02,122.22,1
2000,22.2,0.03,39.6,0.02,121.26,1
2500,22.2,0.03,39.6,0.02,121.31,1
3150,22.2,0.03,39.6,0.02,120.86,1
4000,22.2,0.03,39.6,0.02,119.65,1
5000,22.2,0.03,39.6,0.02,118.82,1
630,0,0.1,71.3,0,124.16,1
800,0,0.1,71.3,0,126.81,1
1000,0,0.1,71.3,0,128.83,1
1250,0,0.1,71.3,0,130.34,1
1600,0,0.1,71.3,0,131.73,1
2000,0,0.1,71.3,0,132.1,1
2500,0,0.1,71.3,0,132.6,1
3150,0,0.1,71.3,0,131.96,1
4000,0,0.1,71.3,0,130.94,1
5000,0,0.1,71.3,0,130.8,1
6300,0,0.1,71.3,0,129.4,1
8000,0,0.1,71.3,0,125.47,1
10000,0,0.1,71.3,0,123.31,1
12500,0,0.1,71.3,0,119.38,1
630,0,0.1,55.5,0,126.17,1
800,0,0.1,55.5,0,127.92,1
1000,0,0.1,55.5,0,129.8,1
1250,0,0.1,55.5,0,131.43,1
1600,0,0.1,55.5,0,132.05,1
2000,0,0.1,55.5,0,132.54,1
2500,0,0.1,55.5,0,133.04,1
3150,0,0.1,55.5,0,131.78,1
4000,0,0.1,55.5,0,129.5,1
5000,0,0.1,55.5,0,128.36,1
6300,0,0.1,55.5,0,127.73,1
8000,0,0.1,55.5,0,124.45,1
10000,0,0.1,55.5,0,121.93,1
12500,0,0.1,55.5,0,119.91,1
630,0,0.1,39.6,0,125.4,1
800,0,0.1,39.6,0,128.4,1
1000,0,0.1,39.6,0,130.78,1
1250,0,0.1,39.6,0,132.27,1
1600,0,0.1,39.6,0,133.26,1
2000,0,0.1,39.6,0,133.25,1
2500,0,0.1,39.6,0,132.61,1
3150,0,0.1,39.6,0,130.96,1
4000,0,0.1,39.6,0,127.8,1
5000,0,0.1,39.6,0,126.02,1
6300,0,0.1,39.6,0,125.63,1
8000,0,0.1,39.6,0,122.34,1
10000,0,0.1,39.6,0,119.56,1
630,0,0.1,31.7,0,126.41,1
800,0,0.1,31.7,0,129.05,1
1000,0,0.1,31.7,0,131.31,1
1250,0,0.1,31.7,0,133.06,1
1600,0,0.1,31.7,0,133.55,1
2000,0,0.1,31.7,0,133.15,1
2500,0,0.1,31.7,0,132,1
3150,0,0.1,31.7,0,129.97,1
4000,0,0.1,31.7,0,126.93,1
5000,0,0.1,31.7,0,124.39,1
6300,0,0.1,31.7,0,124.25,1
8000,0,0.1,31.7,0,120.19,1
10000,0,0.1,31.7,0,115.89,1
800,3.3,0.1,71.3,0,131.07,1
1000,3.3,0.1,71.3,0,131.43,1
1250,3.3,0.1,71.3,0,132.3,1
1600,3.3,0.1,71.3,0,133.66,1
2000,3.3,0.1,71.3,0,134.03,1
2500,3.3,0.1,71.3,0,133.89,1
3150,3.3,0.1,71.3,0,132.11,1
4000,3.3,0.1,71.3,0,128.7,1
5000,3.3,0.1,71.3,0,127.05,1
6300,3.3,0.1,71.3,0,124.9,1
8000,3.3,0.1,71.3,0,121.23,1
10000,3.3,0.1,71.3,0,116.69,1
630,3.3,0.1,55.5,0,126.6,1
800,3.3,0.1,55.5,0,129.12,1
1000,3.3,0.1,55.5,0,131.13,1
1250,3.3,0.1,55.5,0,132.77,1
1600,3.3,0.1,55.5,0,133.65,1
2000,3.3,0.1,55.5,0,133.65,1
2500,3.3,0.1,55.5,0,132.89,1
3150,3.3,0.1,55.5,0,130.63,1
4000,3.3,0.1,55.5,0,127.23,1
5000,3.3,0.1,55.5,0,124.84,1
6300,3.3,0.1,55.5,0,123.84,1
8000,3.3,0.1,55.5,0,120.57,1
10000,3.3,0.1,55.5,0,115.66,1
630,3.3,0.1,39.6,0,127.25,1
800,3.3,0.1,39.6,0,129.99,1
1000,3.3,0.1,39.6,0,131.97,1
1250,3.3,0.1,39.6,0,133.21,1
1600,3.3,0.1,39.6,0,133.07,1
2000,3.3,0.1,39.6,0,132.3,1
2500,3.3,0.1,39.6,0,130.79,1
3150,3.3,0.1,39.6,0,128.4,1
4000,3.3,0.1,39.6,0,124.88,1
5000,3.3,0.1,39.6,0,122.37,1
6300,3.3,0.1,39.6,0,120.85,1
8000,3.3,0.1,39.6,0,118.09,1
10000,3.3,0.1,39.6,0,115.32,1
630,3.3,0.1,31.7,0,128.95,1
800,3.3,0.1,31.7,0,131.36,1
1000,3.3,0.1,31.7,0,133.01,1
1250,3.3,0.1,31.7,0,134.02,1
1600,3.3,0.1,31.7,0,133.4,1
2000,3.3,0.1,31.7,0,131.64,1
2500,3.3,0.1,31.7,0,130.39,1
3150,3.3,0.1,31.7,0,128.25,1
4000,3.3,0.1,31.7,0,124.85,1
5000,3.3,0.1,31.7,0,122.08,1
6300,3.3,0.1,31.7,0,120.7,1
8000,3.3,0.1,31.7,0,117.43,1
630,6.7,0.1,71.3,0,131.45,1
800,6.7,0.1,71.3,0,134.48,1
1000,6.7,0.1,71.3,0,136.76,1
1250,6.7,0.1,71.3,0,137.66,1
1600,6.7,0.1,71.3,0,136.68,1
2000,6.7,0.1,71.3,0,134.57,1
2500,6.7,0.1,71.3,0,131.46,1
3150,6.7,0.1,71.3,0,124.46,1
500,6.7,0.1,55.5,0.01,129.34,1
630,6.7,0.1,55.5,0.01,133.02,1
800,6.7,0.1,55.5,0.01,135.95,1
1000,6.7,0.1,55.5,0.01,137.23,1
1250,6.7,0.1,55.5,0.01,136.88,1
1600,6.7,0.1,55.5,0.01,133.65,1
2000,6.7,0.1,55.5,0.01,129.65,1
2500,6.7,0.1,55.5,0.01,124.27,1
400,6.7,0.1,39.6,0.01,128.3,1
500,6.7,0.1,39.6,0.01,130.96,1
630,6.7,0.1,39.6,0.01,133.36,1
800,6.7,0.1,39.6,0.01,134.63,1
1000,6.7,0.1,39.6,0.01,134.52,1
1250,6.7,0.1,39.6,0.01,132.4,1
1600,6.7,0.1,39.6,0.01,127.38,1
2000,6.7,0.1,39.6,0.01,122.24,1
315,6.7,0.1,31.7,0.01,126.27,1
400,6.7,0.1,31.7,0.01,128.3,1
500,6.7,0.1,31.7,0.01,130.21,1
630,6.7,0.1,31.7,0.01,132.12,1
800,6.7,0.1,31.7,0.01,132.89,1
1000,6.7,0.1,31.7,0.01,131.64,1
1250,6.7,0.1,31.7,0.01,129.26,1
1600,6.7,0.1,31.7,0.01,124.35,1
2000,6.7,0.1,31.7,0.01,120.45,1
200,8.9,0.1,71.3,0.01,133.5,1
250,8.9,0.1,71.3,0.01,134.53,1
315,8.9,0.1,71.3,0.01,136.58,1
400,8.9,0.1,71.3,0.01,138.12,1
500,8.9,0.1,71.3,0.01,138.52,1
630,8.9,0.1,71.3,0.01,138.42,1
800,8.9,0.1,71.3,0.01,137.81,1
1000,8.9,0.1,71.3,0.01,135.43,1
1250,8.9,0.1,71.3,0.01,132.79,1
1600,8.9,0.1,71.3,0.01,128.76,1
2000,8.9,0.1,71.3,0.01,124.23,1
2500,8.9,0.1,71.3,0.01,123.62,1
3150,8.9,0.1,71.3,0.01,123.26,1
4000,8.9,0.1,71.3,0.01,120.24,1
5000,8.9,0.1,71.3,0.01,116.72,1
6300,8.9,0.1,71.3,0.01,117.25,1
200,8.9,0.1,39.6,0.01,133.42,1
250,8.9,0.1,39.6,0.01,134.34,1
315,8.9,0.1,39.6,0.01,135.38,1
400,8.9,0.1,39.6,0.01,135.54,1
500,8.9,0.1,39.6,0.01,133.79,1
630,8.9,0.1,39.6,0.01,131.92,1
800,8.9,0.1,39.6,0.01,130.94,1
1000,8.9,0.1,39.6,0.01,129.58,1
1250,8.9,0.1,39.6,0.01,127.71,1
1600,8.9,0.1,39.6,0.01,123.82,1
2000,8.9,0.1,39.6,0.01,119.04,1
2500,8.9,0.1,39.6,0.01,119.19,1
3150,8.9,0.1,39.6,0.01,119.35,1
4000,8.9,0.1,39.6,0.01,116.22,1
5000,8.9,0.1,39.6,0.01,113.08,1
6300,8.9,0.1,39.6,0.01,113.11,1
200,12.3,0.1,71.3,0.03,130.59,1
250,12.3,0.1,71.3,0.03,131.57,1
315,12.3,0.1,71.3,0.03,137.07,1
400,12.3,0.1,71.3,0.03,139.43,1
500,12.3,0.1,71.3,0.03,140.16,1
630,12.3,0.1,71.3,0.03,135.37,1
800,12.3,0.1,71.3,0.03,127.32,1
1000,12.3,0.1,71.3,0.03,127.93,1
1250,12.3,0.1,71.3,0.03,126.65,1
1600,12.3,0.1,71.3,0.03,124.75,1
2000,12.3,0.1,71.3,0.03,122.22,1
2500,12.3,0.1,71.3,0.03,121.32,1
3150,12.3,0.1,71.3,0.03,120.8,1
4000,12.3,0.1,71.3,0.03,118.02,1
5000,12.3,0.1,71.3,0.03,116.11,1
6300,12.3,0.1,71.3,0.03,113.96,1
200,12.3,0.1,55.5,0.04,132.3,1
250,12.3,0.1,55.5,0.04,133.29,1
315,12.3,0.1,55.5,0.04,135.67,1
400,12.3,0.1,55.5,0.04,136.41,1
500,12.3,0.1,55.5,0.04,133.77,1
630,12.3,0.1,55.5,0.04,124.24,1
800,12.3,0.1,55.5,0.04,125.11,1
1000,12.3,0.1,55.5,0.04,125.48,1
1250,12.3,0.1,55.5,0.04,124.21,1
1600,12.3,0.1,55.5,0.04,121.82,1
2000,12.3,0.1,55.5,0.04,118.56,1
2500,12.3,0.1,55.5,0.04,117.05,1
3150,12.3,0.1,55.5,0.04,116.91,1
4000,12.3,0.1,55.5,0.04,114.4,1
5000,12.3,0.1,55.5,0.04,112.01,1
6300,12.3,0.1,55.5,0.04,110.12,1
200,12.3,0.1,39.6,0.04,128.55,1
250,12.3,0.1,39.6,0.04,129.68,1
315,12.3,0.1,39.6,0.04,129.42,1
400,12.3,0.1,39.6,0.04,128.27,1
500,12.3,0.1,39.6,0.04,122.21,1
630,12.3,0.1,39.6,0.04,121.32,1
800,12.3,0.1,39.6,0.04,122.32,1
1000,12.3,0.1,39.6,0.04,122.44,1
1250,12.3,0.1,39.6,0.04,121.17,1
1600,12.3,0.1,39.6,0.04,117.88,1
2000,12.3,0.1,39.6,0.04,114.09,1
2500,12.3,0.1,39.6,0.04,113.32,1
3150,12.3,0.1,39.6,0.04,113.06,1
4000,12.3,0.1,39.6,0.04,110.91,1
5000,12.3,0.1,39.6,0.04,108.63,1
6300,12.3,0.1,39.6,0.04,107.99,1
200,12.3,0.1,31.7,0.04,124.99,1
250,12.3,0.1,31.7,0.04,125.86,1
315,12.3,0.1,31.7,0.04,124.72,1
400,12.3,0.1,31.7,0.04,123.21,1
500,12.3,0.1,31.7,0.04,118.67,1
630,12.3,0.1,31.7,0.04,119.29,1
800,12.3,0.1,31.7,0.04,120.04,1
1000,12.3,0.1,31.7,0.04,119.78,1
1250,12.3,0.1,31.7,0.04,118.77,1
1600,12.3,0.1,31.7,0.04,114.48,1
2000,12.3,0.1,31.7,0.04,110.45,1
2500,12.3,0.1,31.7,0.04,110.32,1
3150,12.3,0.1,31.7,0.04,110.31,1
4000,12.3,0.1,31.7,0.04,108.41,1
5000,12.3,0.1,31.7,0.04,107.15,1
6300,12.3,0.1,31.7,0.04,107.27,1
200,15.6,0.1,71.3,0.04,130.9,1
250,15.6,0.1,71.3,0.04,132.16,1
315,15.6,0.1,71.3,0.04,133.81,1
400,15.6,0.1,71.3,0.04,134.06,1
500,15.6,0.1,71.3,0.04,130.64,1
630,15.6,0.1,71.3,0.04,122.29,1
800,15.6,0.1,71.3,0.04,124.19,1
1000,15.6,0.1,71.3,0.04,124.44,1
1250,15.6,0.1,71.3,0.04,123.18,1
1600,15.6,0.1,71.3,0.04,121.53,1
2000,15.6,0.1,71.3,0.04,119.89,1
2500,15.6,0.1,71.3,0.04,119,1
3150,15.6,0.1,71.3,0.04,116.47,1
4000,15.6,0.1,71.3,0.04,113.3,1
200,15.6,0.1,39.6,0.05,123.51,1
250,15.6,0.1,39.6,0.05,124.64,1
315,15.6,0.1,39.6,0.05,122.75,1
400,15.6,0.1,39.6,0.05,120.48,1
500,15.6,0.1,39.6,0.05,115.3,1
630,15.6,0.1,39.6,0.05,118.08,1
800,15.6,0.1,39.6,0.05,118.96,1
1000,15.6,0.1,39.6,0.05,119.22,1
1250,15.6,0.1,39.6,0.05,118.21,1
1600,15.6,0.1,39.6,0.05,114.55,1
2000,15.6,0.1,39.6,0.05,110.89,1
2500,15.6,0.1,39.6,0.05,110.26,1
3150,15.6,0.1,39.6,0.05,109.25,1
4000,15.6,0.1,39.6,0.05,106.6,1
5000,15.6,0.1,39.6,0.05,106.22,1
6300,15.6,0.1,39.6,0.05,104.2,1
